Campaign,Ad Group,Keyword,Match Type,Status,Max CPC,Final URL
NS-SRCH-Locksmith,Core-Intent,מנעולן קרוב אלי,Phrase,Enabled,18,https://nisan-shemaryahu.vercel.app/מנעולן
NS-SRCH-Locksmith,Core-Intent,מנעולן קרוב אלי,Exact,Enabled,18,https://nisan-shemaryahu.vercel.app/מנעולן
NS-SRCH-Locksmith,Core-Intent,נעלתי את עצמי בחוץ,Phrase,Enabled,18,https://nisan-shemaryahu.vercel.app/מנעולן
NS-SRCH-Locksmith,Core-Intent,נעלתי את עצמי בחוץ,Exact,Enabled,18,https://nisan-shemaryahu.vercel.app/מנעולן
NS-SRCH-Locksmith,Core-Intent,ננעלתי מחוץ לבית,Phrase,Enabled,18,https://nisan-shemaryahu.vercel.app/מנעולן
NS-SRCH-Locksmith,Core-Intent,ננעלתי מחוץ לבית,Exact,Enabled,18,https://nisan-shemaryahu.vercel.app/מנעולן
NS-SRCH-Locksmith,Core-Intent,פריצת דלת,Phrase,Enabled,18,https://nisan-shemaryahu.vercel.app/מנעולן
NS-SRCH-Locksmith,Core-Intent,פריצת דלת,Exact,Enabled,18,https://nisan-shemaryahu.vercel.app/מנעולן
NS-SRCH-Locksmith,Core-Intent,פורץ דלתות,Phrase,Enabled,18,https://nisan-shemaryahu.vercel.app/מנעולן
NS-SRCH-Locksmith,Core-Intent,פורץ דלתות,Exact,Enabled,18,https://nisan-shemaryahu.vercel.app/מנעולן
NS-SRCH-Locksmith,Core-Intent,החלפת צילינדר,Phrase,Enabled,18,https://nisan-shemaryahu.vercel.app/מנעולן
NS-SRCH-Locksmith,Core-Intent,החלפת צילינדר,Exact,Enabled,18,https://nisan-shemaryahu.vercel.app/מנעולן
NS-SRCH-Locksmith,Core-Intent,החלפת מנעול,Phrase,Enabled,18,https://nisan-shemaryahu.vercel.app/מנעולן
NS-SRCH-Locksmith,Core-Intent,החלפת מנעול,Exact,Enabled,18,https://nisan-shemaryahu.vercel.app/מנעולן
NS-SRCH-Locksmith,Core-Intent,מנעולן דחוף,Phrase,Enabled,18,https://nisan-shemaryahu.vercel.app/מנעולן
NS-SRCH-Locksmith,Core-Intent,מנעולן דחוף,Exact,Enabled,18,https://nisan-shemaryahu.vercel.app/מנעולן
NS-SRCH-Locksmith,Core-Intent,דלת נטרקה,Phrase,Enabled,18,https://nisan-shemaryahu.vercel.app/מנעולן
NS-SRCH-Locksmith,Core-Intent,דלת נטרקה,Exact,Enabled,18,https://nisan-shemaryahu.vercel.app/מנעולן
NS-SRCH-Locksmith,Core-Intent,אבדתי מפתחות,Phrase,Enabled,18,https://nisan-shemaryahu.vercel.app/מנעולן
NS-SRCH-Locksmith,Core-Intent,אבדתי מפתחות,Exact,Enabled,18,https://nisan-shemaryahu.vercel.app/מנעולן
NS-SRCH-Locksmith,Core-Intent,מנעולן מוסמך,Phrase,Enabled,18,https://nisan-shemaryahu.vercel.app/מנעולן
NS-SRCH-Locksmith,Core-Intent,מנעולן מוסמך,Exact,Enabled,18,https://nisan-shemaryahu.vercel.app/מנעולן
NS-SRCH-Locksmith,Core-Intent,פתיחת דלת נעולה,Phrase,Enabled,18,https://nisan-shemaryahu.vercel.app/מנעולן
NS-SRCH-Locksmith,Core-Intent,פתיחת דלת נעולה,Exact,Enabled,18,https://nisan-shemaryahu.vercel.app/מנעולן
NS-SRCH-Locksmith,Core-Intent,תיקון מנעול דלת,Phrase,Enabled,18,https://nisan-shemaryahu.vercel.app/מנעולן
NS-SRCH-Locksmith,Core-Intent,תיקון מנעול דלת,Exact,Enabled,18,https://nisan-shemaryahu.vercel.app/מנעולן
NS-SRCH-Locksmith,Geo-Heartland,מנעולן אור יהודה,Phrase,Enabled,18,https://nisan-shemaryahu.vercel.app/מנעולן-באור-יהודה
NS-SRCH-Locksmith,Geo-Heartland,מנעולן אור יהודה,Exact,Enabled,18,https://nisan-shemaryahu.vercel.app/מנעולן-באור-יהודה
NS-SRCH-Locksmith,Geo-Heartland,מנעולן באור יהודה,Phrase,Enabled,18,https://nisan-shemaryahu.vercel.app/מנעולן-באור-יהודה
NS-SRCH-Locksmith,Geo-Heartland,מנעולן באור יהודה,Exact,Enabled,18,https://nisan-shemaryahu.vercel.app/מנעולן-באור-יהודה
NS-SRCH-Locksmith,Geo-Heartland,פורץ מנעולים אור יהודה,Phrase,Enabled,18,https://nisan-shemaryahu.vercel.app/מנעולן-באור-יהודה
NS-SRCH-Locksmith,Geo-Heartland,פורץ מנעולים אור יהודה,Exact,Enabled,18,https://nisan-shemaryahu.vercel.app/מנעולן-באור-יהודה
NS-SRCH-Locksmith,Geo-Heartland,פורץ מנעולים באור יהודה,Phrase,Enabled,18,https://nisan-shemaryahu.vercel.app/מנעולן-באור-יהודה
NS-SRCH-Locksmith,Geo-Heartland,פורץ מנעולים באור יהודה,Exact,Enabled,18,https://nisan-shemaryahu.vercel.app/מנעולן-באור-יהודה
NS-SRCH-Locksmith,Geo-Heartland,מנעולן יהוד,Phrase,Enabled,18,https://nisan-shemaryahu.vercel.app/מנעולן-ביהוד
NS-SRCH-Locksmith,Geo-Heartland,מנעולן יהוד,Exact,Enabled,18,https://nisan-shemaryahu.vercel.app/מנעולן-ביהוד
NS-SRCH-Locksmith,Geo-Heartland,מנעולן ביהוד,Phrase,Enabled,18,https://nisan-shemaryahu.vercel.app/מנעולן-ביהוד
NS-SRCH-Locksmith,Geo-Heartland,מנעולן ביהוד,Exact,Enabled,18,https://nisan-shemaryahu.vercel.app/מנעולן-ביהוד
NS-SRCH-Locksmith,Geo-Heartland,פורץ מנעולים יהוד,Phrase,Enabled,18,https://nisan-shemaryahu.vercel.app/מנעולן-ביהוד
NS-SRCH-Locksmith,Geo-Heartland,פורץ מנעולים יהוד,Exact,Enabled,18,https://nisan-shemaryahu.vercel.app/מנעולן-ביהוד
NS-SRCH-Locksmith,Geo-Heartland,פורץ מנעולים ביהוד,Phrase,Enabled,18,https://nisan-shemaryahu.vercel.app/מנעולן-ביהוד
NS-SRCH-Locksmith,Geo-Heartland,פורץ מנעולים ביהוד,Exact,Enabled,18,https://nisan-shemaryahu.vercel.app/מנעולן-ביהוד
NS-SRCH-Locksmith,Geo-Heartland,מנעולן קרית אונו,Phrase,Enabled,18,https://nisan-shemaryahu.vercel.app/מנעולן-בקרית-אונו
NS-SRCH-Locksmith,Geo-Heartland,מנעולן קרית אונו,Exact,Enabled,18,https://nisan-shemaryahu.vercel.app/מנעולן-בקרית-אונו
NS-SRCH-Locksmith,Geo-Heartland,מנעולן בקרית אונו,Phrase,Enabled,18,https://nisan-shemaryahu.vercel.app/מנעולן-בקרית-אונו
NS-SRCH-Locksmith,Geo-Heartland,מנעולן בקרית אונו,Exact,Enabled,18,https://nisan-shemaryahu.vercel.app/מנעולן-בקרית-אונו
NS-SRCH-Locksmith,Geo-Heartland,פורץ מנעולים קרית אונו,Phrase,Enabled,18,https://nisan-shemaryahu.vercel.app/מנעולן-בקרית-אונו
NS-SRCH-Locksmith,Geo-Heartland,פורץ מנעולים קרית אונו,Exact,Enabled,18,https://nisan-shemaryahu.vercel.app/מנעולן-בקרית-אונו
NS-SRCH-Locksmith,Geo-Heartland,פורץ מנעולים בקרית אונו,Phrase,Enabled,18,https://nisan-shemaryahu.vercel.app/מנעולן-בקרית-אונו
NS-SRCH-Locksmith,Geo-Heartland,פורץ מנעולים בקרית אונו,Exact,Enabled,18,https://nisan-shemaryahu.vercel.app/מנעולן-בקרית-אונו
NS-SRCH-Locksmith,Geo-Heartland,מנעולן אזור,Phrase,Enabled,18,https://nisan-shemaryahu.vercel.app/מנעולן-באזור
NS-SRCH-Locksmith,Geo-Heartland,מנעולן אזור,Exact,Enabled,18,https://nisan-shemaryahu.vercel.app/מנעולן-באזור
NS-SRCH-Locksmith,Geo-Heartland,מנעולן באזור,Phrase,Enabled,18,https://nisan-shemaryahu.vercel.app/מנעולן-באזור
NS-SRCH-Locksmith,Geo-Heartland,מנעולן באזור,Exact,Enabled,18,https://nisan-shemaryahu.vercel.app/מנעולן-באזור
NS-SRCH-Locksmith,Geo-Heartland,פורץ מנעולים אזור,Phrase,Enabled,18,https://nisan-shemaryahu.vercel.app/מנעולן-באזור
NS-SRCH-Locksmith,Geo-Heartland,פורץ מנעולים אזור,Exact,Enabled,18,https://nisan-shemaryahu.vercel.app/מנעולן-באזור
NS-SRCH-Locksmith,Geo-Heartland,פורץ מנעולים באזור,Phrase,Enabled,18,https://nisan-shemaryahu.vercel.app/מנעולן-באזור
NS-SRCH-Locksmith,Geo-Heartland,פורץ מנעולים באזור,Exact,Enabled,18,https://nisan-shemaryahu.vercel.app/מנעולן-באזור
NS-SRCH-Locksmith,Geo-Heartland,מנעולן סביון,Phrase,Enabled,18,https://nisan-shemaryahu.vercel.app/מנעולן-בסביון
NS-SRCH-Locksmith,Geo-Heartland,מנעולן סביון,Exact,Enabled,18,https://nisan-shemaryahu.vercel.app/מנעולן-בסביון
NS-SRCH-Locksmith,Geo-Heartland,מנעולן בסביון,Phrase,Enabled,18,https://nisan-shemaryahu.vercel.app/מנעולן-בסביון
NS-SRCH-Locksmith,Geo-Heartland,מנעולן בסביון,Exact,Enabled,18,https://nisan-shemaryahu.vercel.app/מנעולן-בסביון
NS-SRCH-Locksmith,Geo-Heartland,פורץ מנעולים סביון,Phrase,Enabled,18,https://nisan-shemaryahu.vercel.app/מנעולן-בסביון
NS-SRCH-Locksmith,Geo-Heartland,פורץ מנעולים סביון,Exact,Enabled,18,https://nisan-shemaryahu.vercel.app/מנעולן-בסביון
NS-SRCH-Locksmith,Geo-Heartland,פורץ מנעולים בסביון,Phrase,Enabled,18,https://nisan-shemaryahu.vercel.app/מנעולן-בסביון
NS-SRCH-Locksmith,Geo-Heartland,פורץ מנעולים בסביון,Exact,Enabled,18,https://nisan-shemaryahu.vercel.app/מנעולן-בסביון
NS-SRCH-Locksmith,Geo-Heartland,מנעולן גני תקווה,Phrase,Enabled,18,https://nisan-shemaryahu.vercel.app/מנעולן-בגני-תקווה
NS-SRCH-Locksmith,Geo-Heartland,מנעולן גני תקווה,Exact,Enabled,18,https://nisan-shemaryahu.vercel.app/מנעולן-בגני-תקווה
NS-SRCH-Locksmith,Geo-Heartland,מנעולן בגני תקווה,Phrase,Enabled,18,https://nisan-shemaryahu.vercel.app/מנעולן-בגני-תקווה
NS-SRCH-Locksmith,Geo-Heartland,מנעולן בגני תקווה,Exact,Enabled,18,https://nisan-shemaryahu.vercel.app/מנעולן-בגני-תקווה
NS-SRCH-Locksmith,Geo-Heartland,פורץ מנעולים גני תקווה,Phrase,Enabled,18,https://nisan-shemaryahu.vercel.app/מנעולן-בגני-תקווה
NS-SRCH-Locksmith,Geo-Heartland,פורץ מנעולים גני תקווה,Exact,Enabled,18,https://nisan-shemaryahu.vercel.app/מנעולן-בגני-תקווה
NS-SRCH-Locksmith,Geo-Heartland,פורץ מנעולים בגני תקווה,Phrase,Enabled,18,https://nisan-shemaryahu.vercel.app/מנעולן-בגני-תקווה
NS-SRCH-Locksmith,Geo-Heartland,פורץ מנעולים בגני תקווה,Exact,Enabled,18,https://nisan-shemaryahu.vercel.app/מנעולן-בגני-תקווה
NS-SRCH-Locksmith,Geo-Extended,מנעולן לוד,Phrase,Enabled,18,https://nisan-shemaryahu.vercel.app/מנעולן-בלוד
NS-SRCH-Locksmith,Geo-Extended,מנעולן לוד,Exact,Enabled,18,https://nisan-shemaryahu.vercel.app/מנעולן-בלוד
NS-SRCH-Locksmith,Geo-Extended,מנעולן בלוד,Phrase,Enabled,18,https://nisan-shemaryahu.vercel.app/מנעולן-בלוד
NS-SRCH-Locksmith,Geo-Extended,מנעולן בלוד,Exact,Enabled,18,https://nisan-shemaryahu.vercel.app/מנעולן-בלוד
NS-SRCH-Locksmith,Geo-Extended,פורץ מנעולים לוד,Phrase,Enabled,18,https://nisan-shemaryahu.vercel.app/מנעולן-בלוד
NS-SRCH-Locksmith,Geo-Extended,פורץ מנעולים לוד,Exact,Enabled,18,https://nisan-shemaryahu.vercel.app/מנעולן-בלוד
NS-SRCH-Locksmith,Geo-Extended,פורץ מנעולים בלוד,Phrase,Enabled,18,https://nisan-shemaryahu.vercel.app/מנעולן-בלוד
NS-SRCH-Locksmith,Geo-Extended,פורץ מנעולים בלוד,Exact,Enabled,18,https://nisan-shemaryahu.vercel.app/מנעולן-בלוד
NS-SRCH-Locksmith,Geo-Extended,מנעולן פתח תקווה,Phrase,Enabled,18,https://nisan-shemaryahu.vercel.app/מנעולן-בפתח-תקווה
NS-SRCH-Locksmith,Geo-Extended,מנעולן פתח תקווה,Exact,Enabled,18,https://nisan-shemaryahu.vercel.app/מנעולן-בפתח-תקווה
NS-SRCH-Locksmith,Geo-Extended,מנעולן בפתח תקווה,Phrase,Enabled,18,https://nisan-shemaryahu.vercel.app/מנעולן-בפתח-תקווה
NS-SRCH-Locksmith,Geo-Extended,מנעולן בפתח תקווה,Exact,Enabled,18,https://nisan-shemaryahu.vercel.app/מנעולן-בפתח-תקווה
NS-SRCH-Locksmith,Geo-Extended,פורץ מנעולים פתח תקווה,Phrase,Enabled,18,https://nisan-shemaryahu.vercel.app/מנעולן-בפתח-תקווה
NS-SRCH-Locksmith,Geo-Extended,פורץ מנעולים פתח תקווה,Exact,Enabled,18,https://nisan-shemaryahu.vercel.app/מנעולן-בפתח-תקווה
NS-SRCH-Locksmith,Geo-Extended,פורץ מנעולים בפתח תקווה,Phrase,Enabled,18,https://nisan-shemaryahu.vercel.app/מנעולן-בפתח-תקווה
NS-SRCH-Locksmith,Geo-Extended,פורץ מנעולים בפתח תקווה,Exact,Enabled,18,https://nisan-shemaryahu.vercel.app/מנעולן-בפתח-תקווה
NS-SRCH-Locksmith,Geo-Extended,מנעולן ראשון לציון,Phrase,Enabled,18,https://nisan-shemaryahu.vercel.app/מנעולן-בראשון-לציון
NS-SRCH-Locksmith,Geo-Extended,מנעולן ראשון לציון,Exact,Enabled,18,https://nisan-shemaryahu.vercel.app/מנעולן-בראשון-לציון
NS-SRCH-Locksmith,Geo-Extended,מנעולן בראשון לציון,Phrase,Enabled,18,https://nisan-shemaryahu.vercel.app/מנעולן-בראשון-לציון
NS-SRCH-Locksmith,Geo-Extended,מנעולן בראשון לציון,Exact,Enabled,18,https://nisan-shemaryahu.vercel.app/מנעולן-בראשון-לציון
NS-SRCH-Locksmith,Geo-Extended,פורץ מנעולים ראשון לציון,Phrase,Enabled,18,https://nisan-shemaryahu.vercel.app/מנעולן-בראשון-לציון
NS-SRCH-Locksmith,Geo-Extended,פורץ מנעולים ראשון לציון,Exact,Enabled,18,https://nisan-shemaryahu.vercel.app/מנעולן-בראשון-לציון
NS-SRCH-Locksmith,Geo-Extended,פורץ מנעולים בראשון לציון,Phrase,Enabled,18,https://nisan-shemaryahu.vercel.app/מנעולן-בראשון-לציון
NS-SRCH-Locksmith,Geo-Extended,פורץ מנעולים בראשון לציון,Exact,Enabled,18,https://nisan-shemaryahu.vercel.app/מנעולן-בראשון-לציון
NS-SRCH-Locksmith,Geo-Extended,מנעולן חולון,Phrase,Enabled,18,https://nisan-shemaryahu.vercel.app/מנעולן-בחולון
NS-SRCH-Locksmith,Geo-Extended,מנעולן חולון,Exact,Enabled,18,https://nisan-shemaryahu.vercel.app/מנעולן-בחולון
NS-SRCH-Locksmith,Geo-Extended,מנעולן בחולון,Phrase,Enabled,18,https://nisan-shemaryahu.vercel.app/מנעולן-בחולון
NS-SRCH-Locksmith,Geo-Extended,מנעולן בחולון,Exact,Enabled,18,https://nisan-shemaryahu.vercel.app/מנעולן-בחולון
NS-SRCH-Locksmith,Geo-Extended,פורץ מנעולים חולון,Phrase,Enabled,18,https://nisan-shemaryahu.vercel.app/מנעולן-בחולון
NS-SRCH-Locksmith,Geo-Extended,פורץ מנעולים חולון,Exact,Enabled,18,https://nisan-shemaryahu.vercel.app/מנעולן-בחולון
NS-SRCH-Locksmith,Geo-Extended,פורץ מנעולים בחולון,Phrase,Enabled,18,https://nisan-shemaryahu.vercel.app/מנעולן-בחולון
NS-SRCH-Locksmith,Geo-Extended,פורץ מנעולים בחולון,Exact,Enabled,18,https://nisan-shemaryahu.vercel.app/מנעולן-בחולון
NS-SRCH-Locksmith,Geo-Extended,מנעולן בת ים,Phrase,Enabled,18,https://nisan-shemaryahu.vercel.app/מנעולן-בבת-ים
NS-SRCH-Locksmith,Geo-Extended,מנעולן בת ים,Exact,Enabled,18,https://nisan-shemaryahu.vercel.app/מנעולן-בבת-ים
NS-SRCH-Locksmith,Geo-Extended,מנעולן בבת ים,Phrase,Enabled,18,https://nisan-shemaryahu.vercel.app/מנעולן-בבת-ים
NS-SRCH-Locksmith,Geo-Extended,מנעולן בבת ים,Exact,Enabled,18,https://nisan-shemaryahu.vercel.app/מנעולן-בבת-ים
NS-SRCH-Locksmith,Geo-Extended,פורץ מנעולים בת ים,Phrase,Enabled,18,https://nisan-shemaryahu.vercel.app/מנעולן-בבת-ים
NS-SRCH-Locksmith,Geo-Extended,פורץ מנעולים בת ים,Exact,Enabled,18,https://nisan-shemaryahu.vercel.app/מנעולן-בבת-ים
NS-SRCH-Locksmith,Geo-Extended,פורץ מנעולים בבת ים,Phrase,Enabled,18,https://nisan-shemaryahu.vercel.app/מנעולן-בבת-ים
NS-SRCH-Locksmith,Geo-Extended,פורץ מנעולים בבת ים,Exact,Enabled,18,https://nisan-shemaryahu.vercel.app/מנעולן-בבת-ים
NS-SRCH-Locksmith,Geo-Extended,מנעולן רמת גן,Phrase,Enabled,18,https://nisan-shemaryahu.vercel.app/מנעולן-ברמת-גן
NS-SRCH-Locksmith,Geo-Extended,מנעולן רמת גן,Exact,Enabled,18,https://nisan-shemaryahu.vercel.app/מנעולן-ברמת-גן
NS-SRCH-Locksmith,Geo-Extended,מנעולן ברמת גן,Phrase,Enabled,18,https://nisan-shemaryahu.vercel.app/מנעולן-ברמת-גן
NS-SRCH-Locksmith,Geo-Extended,מנעולן ברמת גן,Exact,Enabled,18,https://nisan-shemaryahu.vercel.app/מנעולן-ברמת-גן
NS-SRCH-Locksmith,Geo-Extended,פורץ מנעולים רמת גן,Phrase,Enabled,18,https://nisan-shemaryahu.vercel.app/מנעולן-ברמת-גן
NS-SRCH-Locksmith,Geo-Extended,פורץ מנעולים רמת גן,Exact,Enabled,18,https://nisan-shemaryahu.vercel.app/מנעולן-ברמת-גן
NS-SRCH-Locksmith,Geo-Extended,פורץ מנעולים ברמת גן,Phrase,Enabled,18,https://nisan-shemaryahu.vercel.app/מנעולן-ברמת-גן
NS-SRCH-Locksmith,Geo-Extended,פורץ מנעולים ברמת גן,Exact,Enabled,18,https://nisan-shemaryahu.vercel.app/מנעולן-ברמת-גן
NS-SRCH-Plumbing,Core-Intent,אינסטלטור קרוב אלי,Phrase,Enabled,15,https://nisan-plumbing.vercel.app/אינסטלטור
NS-SRCH-Plumbing,Core-Intent,אינסטלטור קרוב אלי,Exact,Enabled,15,https://nisan-plumbing.vercel.app/אינסטלטור
NS-SRCH-Plumbing,Core-Intent,פתיחת סתימה,Phrase,Enabled,15,https://nisan-plumbing.vercel.app/אינסטלטור
NS-SRCH-Plumbing,Core-Intent,פתיחת סתימה,Exact,Enabled,15,https://nisan-plumbing.vercel.app/אינסטלטור
NS-SRCH-Plumbing,Core-Intent,פתיחת סתימות,Phrase,Enabled,15,https://nisan-plumbing.vercel.app/אינסטלטור
NS-SRCH-Plumbing,Core-Intent,פתיחת סתימות,Exact,Enabled,15,https://nisan-plumbing.vercel.app/אינסטלטור
NS-SRCH-Plumbing,Core-Intent,סתימה בביוב,Phrase,Enabled,15,https://nisan-plumbing.vercel.app/אינסטלטור
NS-SRCH-Plumbing,Core-Intent,סתימה בביוב,Exact,Enabled,15,https://nisan-plumbing.vercel.app/אינסטלטור
NS-SRCH-Plumbing,Core-Intent,נזילת מים,Phrase,Enabled,15,https://nisan-plumbing.vercel.app/אינסטלטור
NS-SRCH-Plumbing,Core-Intent,נזילת מים,Exact,Enabled,15,https://nisan-plumbing.vercel.app/אינסטלטור
NS-SRCH-Plumbing,Core-Intent,פיצוץ צנרת,Phrase,Enabled,15,https://nisan-plumbing.vercel.app/אינסטלטור
NS-SRCH-Plumbing,Core-Intent,פיצוץ צנרת,Exact,Enabled,15,https://nisan-plumbing.vercel.app/אינסטלטור
NS-SRCH-Plumbing,Core-Intent,נזילה בצנרת,Phrase,Enabled,15,https://nisan-plumbing.vercel.app/אינסטלטור
NS-SRCH-Plumbing,Core-Intent,נזילה בצנרת,Exact,Enabled,15,https://nisan-plumbing.vercel.app/אינסטלטור
NS-SRCH-Plumbing,Core-Intent,אינסטלטור דחוף,Phrase,Enabled,15,https://nisan-plumbing.vercel.app/אינסטלטור
NS-SRCH-Plumbing,Core-Intent,אינסטלטור דחוף,Exact,Enabled,15,https://nisan-plumbing.vercel.app/אינסטלטור
NS-SRCH-Plumbing,Core-Intent,תיקון דוד שמש,Phrase,Enabled,15,https://nisan-plumbing.vercel.app/אינסטלטור
NS-SRCH-Plumbing,Core-Intent,תיקון דוד שמש,Exact,Enabled,15,https://nisan-plumbing.vercel.app/אינסטלטור
NS-SRCH-Plumbing,Core-Intent,החלפת ניאגרה,Phrase,Enabled,15,https://nisan-plumbing.vercel.app/אינסטלטור
NS-SRCH-Plumbing,Core-Intent,החלפת ניאגרה,Exact,Enabled,15,https://nisan-plumbing.vercel.app/אינסטלטור
NS-SRCH-Plumbing,Core-Intent,סתימה במטבח,Phrase,Enabled,15,https://nisan-plumbing.vercel.app/אינסטלטור
NS-SRCH-Plumbing,Core-Intent,סתימה במטבח,Exact,Enabled,15,https://nisan-plumbing.vercel.app/אינסטלטור
NS-SRCH-Plumbing,Core-Intent,סתימה באסלה,Phrase,Enabled,15,https://nisan-plumbing.vercel.app/אינסטלטור
NS-SRCH-Plumbing,Core-Intent,סתימה באסלה,Exact,Enabled,15,https://nisan-plumbing.vercel.app/אינסטלטור
NS-SRCH-Plumbing,Core-Intent,איתור נזילות,Phrase,Enabled,15,https://nisan-plumbing.vercel.app/אינסטלטור
NS-SRCH-Plumbing,Core-Intent,איתור נזילות,Exact,Enabled,15,https://nisan-plumbing.vercel.app/אינסטלטור
NS-SRCH-Plumbing,Geo-Heartland,אינסטלטור אור יהודה,Phrase,Enabled,15,https://nisan-plumbing.vercel.app/אינסטלטור-באור-יהודה
NS-SRCH-Plumbing,Geo-Heartland,אינסטלטור אור יהודה,Exact,Enabled,15,https://nisan-plumbing.vercel.app/אינסטלטור-באור-יהודה
NS-SRCH-Plumbing,Geo-Heartland,אינסטלטור באור יהודה,Phrase,Enabled,15,https://nisan-plumbing.vercel.app/אינסטלטור-באור-יהודה
NS-SRCH-Plumbing,Geo-Heartland,אינסטלטור באור יהודה,Exact,Enabled,15,https://nisan-plumbing.vercel.app/אינסטלטור-באור-יהודה
NS-SRCH-Plumbing,Geo-Heartland,שרברב אור יהודה,Phrase,Enabled,15,https://nisan-plumbing.vercel.app/אינסטלטור-באור-יהודה
NS-SRCH-Plumbing,Geo-Heartland,שרברב אור יהודה,Exact,Enabled,15,https://nisan-plumbing.vercel.app/אינסטלטור-באור-יהודה
NS-SRCH-Plumbing,Geo-Heartland,שרברב באור יהודה,Phrase,Enabled,15,https://nisan-plumbing.vercel.app/אינסטלטור-באור-יהודה
NS-SRCH-Plumbing,Geo-Heartland,שרברב באור יהודה,Exact,Enabled,15,https://nisan-plumbing.vercel.app/אינסטלטור-באור-יהודה
NS-SRCH-Plumbing,Geo-Heartland,אינסטלטור יהוד,Phrase,Enabled,15,https://nisan-plumbing.vercel.app/אינסטלטור-ביהוד
NS-SRCH-Plumbing,Geo-Heartland,אינסטלטור יהוד,Exact,Enabled,15,https://nisan-plumbing.vercel.app/אינסטלטור-ביהוד
NS-SRCH-Plumbing,Geo-Heartland,אינסטלטור ביהוד,Phrase,Enabled,15,https://nisan-plumbing.vercel.app/אינסטלטור-ביהוד
NS-SRCH-Plumbing,Geo-Heartland,אינסטלטור ביהוד,Exact,Enabled,15,https://nisan-plumbing.vercel.app/אינסטלטור-ביהוד
NS-SRCH-Plumbing,Geo-Heartland,שרברב יהוד,Phrase,Enabled,15,https://nisan-plumbing.vercel.app/אינסטלטור-ביהוד
NS-SRCH-Plumbing,Geo-Heartland,שרברב יהוד,Exact,Enabled,15,https://nisan-plumbing.vercel.app/אינסטלטור-ביהוד
NS-SRCH-Plumbing,Geo-Heartland,שרברב ביהוד,Phrase,Enabled,15,https://nisan-plumbing.vercel.app/אינסטלטור-ביהוד
NS-SRCH-Plumbing,Geo-Heartland,שרברב ביהוד,Exact,Enabled,15,https://nisan-plumbing.vercel.app/אינסטלטור-ביהוד
NS-SRCH-Plumbing,Geo-Heartland,אינסטלטור קרית אונו,Phrase,Enabled,15,https://nisan-plumbing.vercel.app/אינסטלטור-בקרית-אונו
NS-SRCH-Plumbing,Geo-Heartland,אינסטלטור קרית אונו,Exact,Enabled,15,https://nisan-plumbing.vercel.app/אינסטלטור-בקרית-אונו
NS-SRCH-Plumbing,Geo-Heartland,אינסטלטור בקרית אונו,Phrase,Enabled,15,https://nisan-plumbing.vercel.app/אינסטלטור-בקרית-אונו
NS-SRCH-Plumbing,Geo-Heartland,אינסטלטור בקרית אונו,Exact,Enabled,15,https://nisan-plumbing.vercel.app/אינסטלטור-בקרית-אונו
NS-SRCH-Plumbing,Geo-Heartland,שרברב קרית אונו,Phrase,Enabled,15,https://nisan-plumbing.vercel.app/אינסטלטור-בקרית-אונו
NS-SRCH-Plumbing,Geo-Heartland,שרברב קרית אונו,Exact,Enabled,15,https://nisan-plumbing.vercel.app/אינסטלטור-בקרית-אונו
NS-SRCH-Plumbing,Geo-Heartland,שרברב בקרית אונו,Phrase,Enabled,15,https://nisan-plumbing.vercel.app/אינסטלטור-בקרית-אונו
NS-SRCH-Plumbing,Geo-Heartland,שרברב בקרית אונו,Exact,Enabled,15,https://nisan-plumbing.vercel.app/אינסטלטור-בקרית-אונו
NS-SRCH-Plumbing,Geo-Heartland,אינסטלטור אזור,Phrase,Enabled,15,https://nisan-plumbing.vercel.app/אינסטלטור-באזור
NS-SRCH-Plumbing,Geo-Heartland,אינסטלטור אזור,Exact,Enabled,15,https://nisan-plumbing.vercel.app/אינסטלטור-באזור
NS-SRCH-Plumbing,Geo-Heartland,אינסטלטור באזור,Phrase,Enabled,15,https://nisan-plumbing.vercel.app/אינסטלטור-באזור
NS-SRCH-Plumbing,Geo-Heartland,אינסטלטור באזור,Exact,Enabled,15,https://nisan-plumbing.vercel.app/אינסטלטור-באזור
NS-SRCH-Plumbing,Geo-Heartland,שרברב אזור,Phrase,Enabled,15,https://nisan-plumbing.vercel.app/אינסטלטור-באזור
NS-SRCH-Plumbing,Geo-Heartland,שרברב אזור,Exact,Enabled,15,https://nisan-plumbing.vercel.app/אינסטלטור-באזור
NS-SRCH-Plumbing,Geo-Heartland,שרברב באזור,Phrase,Enabled,15,https://nisan-plumbing.vercel.app/אינסטלטור-באזור
NS-SRCH-Plumbing,Geo-Heartland,שרברב באזור,Exact,Enabled,15,https://nisan-plumbing.vercel.app/אינסטלטור-באזור
NS-SRCH-Plumbing,Geo-Heartland,אינסטלטור סביון,Phrase,Enabled,15,https://nisan-plumbing.vercel.app/אינסטלטור-בסביון
NS-SRCH-Plumbing,Geo-Heartland,אינסטלטור סביון,Exact,Enabled,15,https://nisan-plumbing.vercel.app/אינסטלטור-בסביון
NS-SRCH-Plumbing,Geo-Heartland,אינסטלטור בסביון,Phrase,Enabled,15,https://nisan-plumbing.vercel.app/אינסטלטור-בסביון
NS-SRCH-Plumbing,Geo-Heartland,אינסטלטור בסביון,Exact,Enabled,15,https://nisan-plumbing.vercel.app/אינסטלטור-בסביון
NS-SRCH-Plumbing,Geo-Heartland,שרברב סביון,Phrase,Enabled,15,https://nisan-plumbing.vercel.app/אינסטלטור-בסביון
NS-SRCH-Plumbing,Geo-Heartland,שרברב סביון,Exact,Enabled,15,https://nisan-plumbing.vercel.app/אינסטלטור-בסביון
NS-SRCH-Plumbing,Geo-Heartland,שרברב בסביון,Phrase,Enabled,15,https://nisan-plumbing.vercel.app/אינסטלטור-בסביון
NS-SRCH-Plumbing,Geo-Heartland,שרברב בסביון,Exact,Enabled,15,https://nisan-plumbing.vercel.app/אינסטלטור-בסביון
NS-SRCH-Plumbing,Geo-Heartland,אינסטלטור גני תקווה,Phrase,Enabled,15,https://nisan-plumbing.vercel.app/אינסטלטור-בגני-תקווה
NS-SRCH-Plumbing,Geo-Heartland,אינסטלטור גני תקווה,Exact,Enabled,15,https://nisan-plumbing.vercel.app/אינסטלטור-בגני-תקווה
NS-SRCH-Plumbing,Geo-Heartland,אינסטלטור בגני תקווה,Phrase,Enabled,15,https://nisan-plumbing.vercel.app/אינסטלטור-בגני-תקווה
NS-SRCH-Plumbing,Geo-Heartland,אינסטלטור בגני תקווה,Exact,Enabled,15,https://nisan-plumbing.vercel.app/אינסטלטור-בגני-תקווה
NS-SRCH-Plumbing,Geo-Heartland,שרברב גני תקווה,Phrase,Enabled,15,https://nisan-plumbing.vercel.app/אינסטלטור-בגני-תקווה
NS-SRCH-Plumbing,Geo-Heartland,שרברב גני תקווה,Exact,Enabled,15,https://nisan-plumbing.vercel.app/אינסטלטור-בגני-תקווה
NS-SRCH-Plumbing,Geo-Heartland,שרברב בגני תקווה,Phrase,Enabled,15,https://nisan-plumbing.vercel.app/אינסטלטור-בגני-תקווה
NS-SRCH-Plumbing,Geo-Heartland,שרברב בגני תקווה,Exact,Enabled,15,https://nisan-plumbing.vercel.app/אינסטלטור-בגני-תקווה
NS-SRCH-Plumbing,Geo-Extended,אינסטלטור לוד,Phrase,Enabled,15,https://nisan-plumbing.vercel.app/אינסטלטור-בלוד
NS-SRCH-Plumbing,Geo-Extended,אינסטלטור לוד,Exact,Enabled,15,https://nisan-plumbing.vercel.app/אינסטלטור-בלוד
NS-SRCH-Plumbing,Geo-Extended,אינסטלטור בלוד,Phrase,Enabled,15,https://nisan-plumbing.vercel.app/אינסטלטור-בלוד
NS-SRCH-Plumbing,Geo-Extended,אינסטלטור בלוד,Exact,Enabled,15,https://nisan-plumbing.vercel.app/אינסטלטור-בלוד
NS-SRCH-Plumbing,Geo-Extended,שרברב לוד,Phrase,Enabled,15,https://nisan-plumbing.vercel.app/אינסטלטור-בלוד
NS-SRCH-Plumbing,Geo-Extended,שרברב לוד,Exact,Enabled,15,https://nisan-plumbing.vercel.app/אינסטלטור-בלוד
NS-SRCH-Plumbing,Geo-Extended,שרברב בלוד,Phrase,Enabled,15,https://nisan-plumbing.vercel.app/אינסטלטור-בלוד
NS-SRCH-Plumbing,Geo-Extended,שרברב בלוד,Exact,Enabled,15,https://nisan-plumbing.vercel.app/אינסטלטור-בלוד
NS-SRCH-Plumbing,Geo-Extended,אינסטלטור פתח תקווה,Phrase,Enabled,15,https://nisan-plumbing.vercel.app/אינסטלטור-בפתח-תקווה
NS-SRCH-Plumbing,Geo-Extended,אינסטלטור פתח תקווה,Exact,Enabled,15,https://nisan-plumbing.vercel.app/אינסטלטור-בפתח-תקווה
NS-SRCH-Plumbing,Geo-Extended,אינסטלטור בפתח תקווה,Phrase,Enabled,15,https://nisan-plumbing.vercel.app/אינסטלטור-בפתח-תקווה
NS-SRCH-Plumbing,Geo-Extended,אינסטלטור בפתח תקווה,Exact,Enabled,15,https://nisan-plumbing.vercel.app/אינסטלטור-בפתח-תקווה
NS-SRCH-Plumbing,Geo-Extended,שרברב פתח תקווה,Phrase,Enabled,15,https://nisan-plumbing.vercel.app/אינסטלטור-בפתח-תקווה
NS-SRCH-Plumbing,Geo-Extended,שרברב פתח תקווה,Exact,Enabled,15,https://nisan-plumbing.vercel.app/אינסטלטור-בפתח-תקווה
NS-SRCH-Plumbing,Geo-Extended,שרברב בפתח תקווה,Phrase,Enabled,15,https://nisan-plumbing.vercel.app/אינסטלטור-בפתח-תקווה
NS-SRCH-Plumbing,Geo-Extended,שרברב בפתח תקווה,Exact,Enabled,15,https://nisan-plumbing.vercel.app/אינסטלטור-בפתח-תקווה
NS-SRCH-Plumbing,Geo-Extended,אינסטלטור ראשון לציון,Phrase,Enabled,15,https://nisan-plumbing.vercel.app/אינסטלטור-בראשון-לציון
NS-SRCH-Plumbing,Geo-Extended,אינסטלטור ראשון לציון,Exact,Enabled,15,https://nisan-plumbing.vercel.app/אינסטלטור-בראשון-לציון
NS-SRCH-Plumbing,Geo-Extended,אינסטלטור בראשון לציון,Phrase,Enabled,15,https://nisan-plumbing.vercel.app/אינסטלטור-בראשון-לציון
NS-SRCH-Plumbing,Geo-Extended,אינסטלטור בראשון לציון,Exact,Enabled,15,https://nisan-plumbing.vercel.app/אינסטלטור-בראשון-לציון
NS-SRCH-Plumbing,Geo-Extended,שרברב ראשון לציון,Phrase,Enabled,15,https://nisan-plumbing.vercel.app/אינסטלטור-בראשון-לציון
NS-SRCH-Plumbing,Geo-Extended,שרברב ראשון לציון,Exact,Enabled,15,https://nisan-plumbing.vercel.app/אינסטלטור-בראשון-לציון
NS-SRCH-Plumbing,Geo-Extended,שרברב בראשון לציון,Phrase,Enabled,15,https://nisan-plumbing.vercel.app/אינסטלטור-בראשון-לציון
NS-SRCH-Plumbing,Geo-Extended,שרברב בראשון לציון,Exact,Enabled,15,https://nisan-plumbing.vercel.app/אינסטלטור-בראשון-לציון
NS-SRCH-Plumbing,Geo-Extended,אינסטלטור חולון,Phrase,Enabled,15,https://nisan-plumbing.vercel.app/אינסטלטור-בחולון
NS-SRCH-Plumbing,Geo-Extended,אינסטלטור חולון,Exact,Enabled,15,https://nisan-plumbing.vercel.app/אינסטלטור-בחולון
NS-SRCH-Plumbing,Geo-Extended,אינסטלטור בחולון,Phrase,Enabled,15,https://nisan-plumbing.vercel.app/אינסטלטור-בחולון
NS-SRCH-Plumbing,Geo-Extended,אינסטלטור בחולון,Exact,Enabled,15,https://nisan-plumbing.vercel.app/אינסטלטור-בחולון
NS-SRCH-Plumbing,Geo-Extended,שרברב חולון,Phrase,Enabled,15,https://nisan-plumbing.vercel.app/אינסטלטור-בחולון
NS-SRCH-Plumbing,Geo-Extended,שרברב חולון,Exact,Enabled,15,https://nisan-plumbing.vercel.app/אינסטלטור-בחולון
NS-SRCH-Plumbing,Geo-Extended,שרברב בחולון,Phrase,Enabled,15,https://nisan-plumbing.vercel.app/אינסטלטור-בחולון
NS-SRCH-Plumbing,Geo-Extended,שרברב בחולון,Exact,Enabled,15,https://nisan-plumbing.vercel.app/אינסטלטור-בחולון
NS-SRCH-Plumbing,Geo-Extended,אינסטלטור בת ים,Phrase,Enabled,15,https://nisan-plumbing.vercel.app/אינסטלטור-בבת-ים
NS-SRCH-Plumbing,Geo-Extended,אינסטלטור בת ים,Exact,Enabled,15,https://nisan-plumbing.vercel.app/אינסטלטור-בבת-ים
NS-SRCH-Plumbing,Geo-Extended,אינסטלטור בבת ים,Phrase,Enabled,15,https://nisan-plumbing.vercel.app/אינסטלטור-בבת-ים
NS-SRCH-Plumbing,Geo-Extended,אינסטלטור בבת ים,Exact,Enabled,15,https://nisan-plumbing.vercel.app/אינסטלטור-בבת-ים
NS-SRCH-Plumbing,Geo-Extended,שרברב בת ים,Phrase,Enabled,15,https://nisan-plumbing.vercel.app/אינסטלטור-בבת-ים
NS-SRCH-Plumbing,Geo-Extended,שרברב בת ים,Exact,Enabled,15,https://nisan-plumbing.vercel.app/אינסטלטור-בבת-ים
NS-SRCH-Plumbing,Geo-Extended,שרברב בבת ים,Phrase,Enabled,15,https://nisan-plumbing.vercel.app/אינסטלטור-בבת-ים
NS-SRCH-Plumbing,Geo-Extended,שרברב בבת ים,Exact,Enabled,15,https://nisan-plumbing.vercel.app/אינסטלטור-בבת-ים
NS-SRCH-Plumbing,Geo-Extended,אינסטלטור רמת גן,Phrase,Enabled,15,https://nisan-plumbing.vercel.app/אינסטלטור-ברמת-גן
NS-SRCH-Plumbing,Geo-Extended,אינסטלטור רמת גן,Exact,Enabled,15,https://nisan-plumbing.vercel.app/אינסטלטור-ברמת-גן
NS-SRCH-Plumbing,Geo-Extended,אינסטלטור ברמת גן,Phrase,Enabled,15,https://nisan-plumbing.vercel.app/אינסטלטור-ברמת-גן
NS-SRCH-Plumbing,Geo-Extended,אינסטלטור ברמת גן,Exact,Enabled,15,https://nisan-plumbing.vercel.app/אינסטלטור-ברמת-גן
NS-SRCH-Plumbing,Geo-Extended,שרברב רמת גן,Phrase,Enabled,15,https://nisan-plumbing.vercel.app/אינסטלטור-ברמת-גן
NS-SRCH-Plumbing,Geo-Extended,שרברב רמת גן,Exact,Enabled,15,https://nisan-plumbing.vercel.app/אינסטלטור-ברמת-גן
NS-SRCH-Plumbing,Geo-Extended,שרברב ברמת גן,Phrase,Enabled,15,https://nisan-plumbing.vercel.app/אינסטלטור-ברמת-גן
NS-SRCH-Plumbing,Geo-Extended,שרברב ברמת גן,Exact,Enabled,15,https://nisan-plumbing.vercel.app/אינסטלטור-ברמת-גן
NS-SRCH-Handyman,Core-Intent,הנדימן קרוב אלי,Phrase,Enabled,10,https://nisan-handyman.vercel.app/הנדימן
NS-SRCH-Handyman,Core-Intent,הנדימן קרוב אלי,Exact,Enabled,10,https://nisan-handyman.vercel.app/הנדימן
NS-SRCH-Handyman,Core-Intent,תיקונים קטנים בבית,Phrase,Enabled,10,https://nisan-handyman.vercel.app/הנדימן
NS-SRCH-Handyman,Core-Intent,תיקונים קטנים בבית,Exact,Enabled,10,https://nisan-handyman.vercel.app/הנדימן
NS-SRCH-Handyman,Core-Intent,איש תחזוקה לבית,Phrase,Enabled,10,https://nisan-handyman.vercel.app/הנדימן
NS-SRCH-Handyman,Core-Intent,איש תחזוקה לבית,Exact,Enabled,10,https://nisan-handyman.vercel.app/הנדימן
NS-SRCH-Handyman,Core-Intent,הרכבת רהיטים,Phrase,Enabled,10,https://nisan-handyman.vercel.app/הנדימן
NS-SRCH-Handyman,Core-Intent,הרכבת רהיטים,Exact,Enabled,10,https://nisan-handyman.vercel.app/הנדימן
NS-SRCH-Handyman,Core-Intent,החלפת ברז,Phrase,Enabled,10,https://nisan-handyman.vercel.app/הנדימן
NS-SRCH-Handyman,Core-Intent,החלפת ברז,Exact,Enabled,10,https://nisan-handyman.vercel.app/הנדימן
NS-SRCH-Handyman,Core-Intent,תיקון ברז מטפטף,Phrase,Enabled,10,https://nisan-handyman.vercel.app/הנדימן
NS-SRCH-Handyman,Core-Intent,תיקון ברז מטפטף,Exact,Enabled,10,https://nisan-handyman.vercel.app/הנדימן
NS-SRCH-Handyman,Core-Intent,צביעת דירה,Phrase,Enabled,10,https://nisan-handyman.vercel.app/הנדימן
NS-SRCH-Handyman,Core-Intent,צביעת דירה,Exact,Enabled,10,https://nisan-handyman.vercel.app/הנדימן
NS-SRCH-Handyman,Core-Intent,תליית מדפים,Phrase,Enabled,10,https://nisan-handyman.vercel.app/הנדימן
NS-SRCH-Handyman,Core-Intent,תליית מדפים,Exact,Enabled,10,https://nisan-handyman.vercel.app/הנדימן
NS-SRCH-Handyman,Core-Intent,הרכבת ארון,Phrase,Enabled,10,https://nisan-handyman.vercel.app/הנדימן
NS-SRCH-Handyman,Core-Intent,הרכבת ארון,Exact,Enabled,10,https://nisan-handyman.vercel.app/הנדימן
NS-SRCH-Handyman,Core-Intent,תיקוני בית קטנים,Phrase,Enabled,10,https://nisan-handyman.vercel.app/הנדימן
NS-SRCH-Handyman,Core-Intent,תיקוני בית קטנים,Exact,Enabled,10,https://nisan-handyman.vercel.app/הנדימן
NS-SRCH-Handyman,Geo-Heartland,הנדימן אור יהודה,Phrase,Enabled,10,https://nisan-handyman.vercel.app/הנדימן-באור-יהודה
NS-SRCH-Handyman,Geo-Heartland,הנדימן אור יהודה,Exact,Enabled,10,https://nisan-handyman.vercel.app/הנדימן-באור-יהודה
NS-SRCH-Handyman,Geo-Heartland,הנדימן באור יהודה,Phrase,Enabled,10,https://nisan-handyman.vercel.app/הנדימן-באור-יהודה
NS-SRCH-Handyman,Geo-Heartland,הנדימן באור יהודה,Exact,Enabled,10,https://nisan-handyman.vercel.app/הנדימן-באור-יהודה
NS-SRCH-Handyman,Geo-Heartland,איש תחזוקה אור יהודה,Phrase,Enabled,10,https://nisan-handyman.vercel.app/הנדימן-באור-יהודה
NS-SRCH-Handyman,Geo-Heartland,איש תחזוקה אור יהודה,Exact,Enabled,10,https://nisan-handyman.vercel.app/הנדימן-באור-יהודה
NS-SRCH-Handyman,Geo-Heartland,איש תחזוקה באור יהודה,Phrase,Enabled,10,https://nisan-handyman.vercel.app/הנדימן-באור-יהודה
NS-SRCH-Handyman,Geo-Heartland,איש תחזוקה באור יהודה,Exact,Enabled,10,https://nisan-handyman.vercel.app/הנדימן-באור-יהודה
NS-SRCH-Handyman,Geo-Heartland,הנדימן יהוד,Phrase,Enabled,10,https://nisan-handyman.vercel.app/הנדימן-ביהוד
NS-SRCH-Handyman,Geo-Heartland,הנדימן יהוד,Exact,Enabled,10,https://nisan-handyman.vercel.app/הנדימן-ביהוד
NS-SRCH-Handyman,Geo-Heartland,הנדימן ביהוד,Phrase,Enabled,10,https://nisan-handyman.vercel.app/הנדימן-ביהוד
NS-SRCH-Handyman,Geo-Heartland,הנדימן ביהוד,Exact,Enabled,10,https://nisan-handyman.vercel.app/הנדימן-ביהוד
NS-SRCH-Handyman,Geo-Heartland,איש תחזוקה יהוד,Phrase,Enabled,10,https://nisan-handyman.vercel.app/הנדימן-ביהוד
NS-SRCH-Handyman,Geo-Heartland,איש תחזוקה יהוד,Exact,Enabled,10,https://nisan-handyman.vercel.app/הנדימן-ביהוד
NS-SRCH-Handyman,Geo-Heartland,איש תחזוקה ביהוד,Phrase,Enabled,10,https://nisan-handyman.vercel.app/הנדימן-ביהוד
NS-SRCH-Handyman,Geo-Heartland,איש תחזוקה ביהוד,Exact,Enabled,10,https://nisan-handyman.vercel.app/הנדימן-ביהוד
NS-SRCH-Handyman,Geo-Heartland,הנדימן קרית אונו,Phrase,Enabled,10,https://nisan-handyman.vercel.app/הנדימן-בקרית-אונו
NS-SRCH-Handyman,Geo-Heartland,הנדימן קרית אונו,Exact,Enabled,10,https://nisan-handyman.vercel.app/הנדימן-בקרית-אונו
NS-SRCH-Handyman,Geo-Heartland,הנדימן בקרית אונו,Phrase,Enabled,10,https://nisan-handyman.vercel.app/הנדימן-בקרית-אונו
NS-SRCH-Handyman,Geo-Heartland,הנדימן בקרית אונו,Exact,Enabled,10,https://nisan-handyman.vercel.app/הנדימן-בקרית-אונו
NS-SRCH-Handyman,Geo-Heartland,איש תחזוקה קרית אונו,Phrase,Enabled,10,https://nisan-handyman.vercel.app/הנדימן-בקרית-אונו
NS-SRCH-Handyman,Geo-Heartland,איש תחזוקה קרית אונו,Exact,Enabled,10,https://nisan-handyman.vercel.app/הנדימן-בקרית-אונו
NS-SRCH-Handyman,Geo-Heartland,איש תחזוקה בקרית אונו,Phrase,Enabled,10,https://nisan-handyman.vercel.app/הנדימן-בקרית-אונו
NS-SRCH-Handyman,Geo-Heartland,איש תחזוקה בקרית אונו,Exact,Enabled,10,https://nisan-handyman.vercel.app/הנדימן-בקרית-אונו
NS-SRCH-Handyman,Geo-Heartland,הנדימן אזור,Phrase,Enabled,10,https://nisan-handyman.vercel.app/הנדימן-באזור
NS-SRCH-Handyman,Geo-Heartland,הנדימן אזור,Exact,Enabled,10,https://nisan-handyman.vercel.app/הנדימן-באזור
NS-SRCH-Handyman,Geo-Heartland,הנדימן באזור,Phrase,Enabled,10,https://nisan-handyman.vercel.app/הנדימן-באזור
NS-SRCH-Handyman,Geo-Heartland,הנדימן באזור,Exact,Enabled,10,https://nisan-handyman.vercel.app/הנדימן-באזור
NS-SRCH-Handyman,Geo-Heartland,איש תחזוקה אזור,Phrase,Enabled,10,https://nisan-handyman.vercel.app/הנדימן-באזור
NS-SRCH-Handyman,Geo-Heartland,איש תחזוקה אזור,Exact,Enabled,10,https://nisan-handyman.vercel.app/הנדימן-באזור
NS-SRCH-Handyman,Geo-Heartland,איש תחזוקה באזור,Phrase,Enabled,10,https://nisan-handyman.vercel.app/הנדימן-באזור
NS-SRCH-Handyman,Geo-Heartland,איש תחזוקה באזור,Exact,Enabled,10,https://nisan-handyman.vercel.app/הנדימן-באזור
NS-SRCH-Handyman,Geo-Heartland,הנדימן סביון,Phrase,Enabled,10,https://nisan-handyman.vercel.app/הנדימן-בסביון
NS-SRCH-Handyman,Geo-Heartland,הנדימן סביון,Exact,Enabled,10,https://nisan-handyman.vercel.app/הנדימן-בסביון
NS-SRCH-Handyman,Geo-Heartland,הנדימן בסביון,Phrase,Enabled,10,https://nisan-handyman.vercel.app/הנדימן-בסביון
NS-SRCH-Handyman,Geo-Heartland,הנדימן בסביון,Exact,Enabled,10,https://nisan-handyman.vercel.app/הנדימן-בסביון
NS-SRCH-Handyman,Geo-Heartland,איש תחזוקה סביון,Phrase,Enabled,10,https://nisan-handyman.vercel.app/הנדימן-בסביון
NS-SRCH-Handyman,Geo-Heartland,איש תחזוקה סביון,Exact,Enabled,10,https://nisan-handyman.vercel.app/הנדימן-בסביון
NS-SRCH-Handyman,Geo-Heartland,איש תחזוקה בסביון,Phrase,Enabled,10,https://nisan-handyman.vercel.app/הנדימן-בסביון
NS-SRCH-Handyman,Geo-Heartland,איש תחזוקה בסביון,Exact,Enabled,10,https://nisan-handyman.vercel.app/הנדימן-בסביון
NS-SRCH-Handyman,Geo-Heartland,הנדימן גני תקווה,Phrase,Enabled,10,https://nisan-handyman.vercel.app/הנדימן-בגני-תקווה
NS-SRCH-Handyman,Geo-Heartland,הנדימן גני תקווה,Exact,Enabled,10,https://nisan-handyman.vercel.app/הנדימן-בגני-תקווה
NS-SRCH-Handyman,Geo-Heartland,הנדימן בגני תקווה,Phrase,Enabled,10,https://nisan-handyman.vercel.app/הנדימן-בגני-תקווה
NS-SRCH-Handyman,Geo-Heartland,הנדימן בגני תקווה,Exact,Enabled,10,https://nisan-handyman.vercel.app/הנדימן-בגני-תקווה
NS-SRCH-Handyman,Geo-Heartland,איש תחזוקה גני תקווה,Phrase,Enabled,10,https://nisan-handyman.vercel.app/הנדימן-בגני-תקווה
NS-SRCH-Handyman,Geo-Heartland,איש תחזוקה גני תקווה,Exact,Enabled,10,https://nisan-handyman.vercel.app/הנדימן-בגני-תקווה
NS-SRCH-Handyman,Geo-Heartland,איש תחזוקה בגני תקווה,Phrase,Enabled,10,https://nisan-handyman.vercel.app/הנדימן-בגני-תקווה
NS-SRCH-Handyman,Geo-Heartland,איש תחזוקה בגני תקווה,Exact,Enabled,10,https://nisan-handyman.vercel.app/הנדימן-בגני-תקווה
NS-SRCH-Handyman,Geo-Extended,הנדימן לוד,Phrase,Enabled,10,https://nisan-handyman.vercel.app/הנדימן-בלוד
NS-SRCH-Handyman,Geo-Extended,הנדימן לוד,Exact,Enabled,10,https://nisan-handyman.vercel.app/הנדימן-בלוד
NS-SRCH-Handyman,Geo-Extended,הנדימן בלוד,Phrase,Enabled,10,https://nisan-handyman.vercel.app/הנדימן-בלוד
NS-SRCH-Handyman,Geo-Extended,הנדימן בלוד,Exact,Enabled,10,https://nisan-handyman.vercel.app/הנדימן-בלוד
NS-SRCH-Handyman,Geo-Extended,איש תחזוקה לוד,Phrase,Enabled,10,https://nisan-handyman.vercel.app/הנדימן-בלוד
NS-SRCH-Handyman,Geo-Extended,איש תחזוקה לוד,Exact,Enabled,10,https://nisan-handyman.vercel.app/הנדימן-בלוד
NS-SRCH-Handyman,Geo-Extended,איש תחזוקה בלוד,Phrase,Enabled,10,https://nisan-handyman.vercel.app/הנדימן-בלוד
NS-SRCH-Handyman,Geo-Extended,איש תחזוקה בלוד,Exact,Enabled,10,https://nisan-handyman.vercel.app/הנדימן-בלוד
NS-SRCH-Handyman,Geo-Extended,הנדימן פתח תקווה,Phrase,Enabled,10,https://nisan-handyman.vercel.app/הנדימן-בפתח-תקווה
NS-SRCH-Handyman,Geo-Extended,הנדימן פתח תקווה,Exact,Enabled,10,https://nisan-handyman.vercel.app/הנדימן-בפתח-תקווה
NS-SRCH-Handyman,Geo-Extended,הנדימן בפתח תקווה,Phrase,Enabled,10,https://nisan-handyman.vercel.app/הנדימן-בפתח-תקווה
NS-SRCH-Handyman,Geo-Extended,הנדימן בפתח תקווה,Exact,Enabled,10,https://nisan-handyman.vercel.app/הנדימן-בפתח-תקווה
NS-SRCH-Handyman,Geo-Extended,איש תחזוקה פתח תקווה,Phrase,Enabled,10,https://nisan-handyman.vercel.app/הנדימן-בפתח-תקווה
NS-SRCH-Handyman,Geo-Extended,איש תחזוקה פתח תקווה,Exact,Enabled,10,https://nisan-handyman.vercel.app/הנדימן-בפתח-תקווה
NS-SRCH-Handyman,Geo-Extended,איש תחזוקה בפתח תקווה,Phrase,Enabled,10,https://nisan-handyman.vercel.app/הנדימן-בפתח-תקווה
NS-SRCH-Handyman,Geo-Extended,איש תחזוקה בפתח תקווה,Exact,Enabled,10,https://nisan-handyman.vercel.app/הנדימן-בפתח-תקווה
NS-SRCH-Handyman,Geo-Extended,הנדימן ראשון לציון,Phrase,Enabled,10,https://nisan-handyman.vercel.app/הנדימן-בראשון-לציון
NS-SRCH-Handyman,Geo-Extended,הנדימן ראשון לציון,Exact,Enabled,10,https://nisan-handyman.vercel.app/הנדימן-בראשון-לציון
NS-SRCH-Handyman,Geo-Extended,הנדימן בראשון לציון,Phrase,Enabled,10,https://nisan-handyman.vercel.app/הנדימן-בראשון-לציון
NS-SRCH-Handyman,Geo-Extended,הנדימן בראשון לציון,Exact,Enabled,10,https://nisan-handyman.vercel.app/הנדימן-בראשון-לציון
NS-SRCH-Handyman,Geo-Extended,איש תחזוקה ראשון לציון,Phrase,Enabled,10,https://nisan-handyman.vercel.app/הנדימן-בראשון-לציון
NS-SRCH-Handyman,Geo-Extended,איש תחזוקה ראשון לציון,Exact,Enabled,10,https://nisan-handyman.vercel.app/הנדימן-בראשון-לציון
NS-SRCH-Handyman,Geo-Extended,איש תחזוקה בראשון לציון,Phrase,Enabled,10,https://nisan-handyman.vercel.app/הנדימן-בראשון-לציון
NS-SRCH-Handyman,Geo-Extended,איש תחזוקה בראשון לציון,Exact,Enabled,10,https://nisan-handyman.vercel.app/הנדימן-בראשון-לציון
NS-SRCH-Handyman,Geo-Extended,הנדימן חולון,Phrase,Enabled,10,https://nisan-handyman.vercel.app/הנדימן-בחולון
NS-SRCH-Handyman,Geo-Extended,הנדימן חולון,Exact,Enabled,10,https://nisan-handyman.vercel.app/הנדימן-בחולון
NS-SRCH-Handyman,Geo-Extended,הנדימן בחולון,Phrase,Enabled,10,https://nisan-handyman.vercel.app/הנדימן-בחולון
NS-SRCH-Handyman,Geo-Extended,הנדימן בחולון,Exact,Enabled,10,https://nisan-handyman.vercel.app/הנדימן-בחולון
NS-SRCH-Handyman,Geo-Extended,איש תחזוקה חולון,Phrase,Enabled,10,https://nisan-handyman.vercel.app/הנדימן-בחולון
NS-SRCH-Handyman,Geo-Extended,איש תחזוקה חולון,Exact,Enabled,10,https://nisan-handyman.vercel.app/הנדימן-בחולון
NS-SRCH-Handyman,Geo-Extended,איש תחזוקה בחולון,Phrase,Enabled,10,https://nisan-handyman.vercel.app/הנדימן-בחולון
NS-SRCH-Handyman,Geo-Extended,איש תחזוקה בחולון,Exact,Enabled,10,https://nisan-handyman.vercel.app/הנדימן-בחולון
NS-SRCH-Handyman,Geo-Extended,הנדימן בת ים,Phrase,Enabled,10,https://nisan-handyman.vercel.app/הנדימן-בבת-ים
NS-SRCH-Handyman,Geo-Extended,הנדימן בת ים,Exact,Enabled,10,https://nisan-handyman.vercel.app/הנדימן-בבת-ים
NS-SRCH-Handyman,Geo-Extended,הנדימן בבת ים,Phrase,Enabled,10,https://nisan-handyman.vercel.app/הנדימן-בבת-ים
NS-SRCH-Handyman,Geo-Extended,הנדימן בבת ים,Exact,Enabled,10,https://nisan-handyman.vercel.app/הנדימן-בבת-ים
NS-SRCH-Handyman,Geo-Extended,איש תחזוקה בת ים,Phrase,Enabled,10,https://nisan-handyman.vercel.app/הנדימן-בבת-ים
NS-SRCH-Handyman,Geo-Extended,איש תחזוקה בת ים,Exact,Enabled,10,https://nisan-handyman.vercel.app/הנדימן-בבת-ים
NS-SRCH-Handyman,Geo-Extended,איש תחזוקה בבת ים,Phrase,Enabled,10,https://nisan-handyman.vercel.app/הנדימן-בבת-ים
NS-SRCH-Handyman,Geo-Extended,איש תחזוקה בבת ים,Exact,Enabled,10,https://nisan-handyman.vercel.app/הנדימן-בבת-ים
NS-SRCH-Handyman,Geo-Extended,הנדימן רמת גן,Phrase,Enabled,10,https://nisan-handyman.vercel.app/הנדימן-ברמת-גן
NS-SRCH-Handyman,Geo-Extended,הנדימן רמת גן,Exact,Enabled,10,https://nisan-handyman.vercel.app/הנדימן-ברמת-גן
NS-SRCH-Handyman,Geo-Extended,הנדימן ברמת גן,Phrase,Enabled,10,https://nisan-handyman.vercel.app/הנדימן-ברמת-גן
NS-SRCH-Handyman,Geo-Extended,הנדימן ברמת גן,Exact,Enabled,10,https://nisan-handyman.vercel.app/הנדימן-ברמת-גן
NS-SRCH-Handyman,Geo-Extended,איש תחזוקה רמת גן,Phrase,Enabled,10,https://nisan-handyman.vercel.app/הנדימן-ברמת-גן
NS-SRCH-Handyman,Geo-Extended,איש תחזוקה רמת גן,Exact,Enabled,10,https://nisan-handyman.vercel.app/הנדימן-ברמת-גן
NS-SRCH-Handyman,Geo-Extended,איש תחזוקה ברמת גן,Phrase,Enabled,10,https://nisan-handyman.vercel.app/הנדימן-ברמת-גן
NS-SRCH-Handyman,Geo-Extended,איש תחזוקה ברמת גן,Exact,Enabled,10,https://nisan-handyman.vercel.app/הנדימן-ברמת-גן
